Название;Картинка;Описание;Доставка;Ссылка на детализацию
LANDSKRONA ЛАНДСКРУНА;https://www.ikea.com/ru/ru/images/products/landskrona-landskruna-divan-2-mestnyy-grann-bumstad-belyy-metall__0320972_pe514794_s5.jpg?f=xxs;Диван 2-местный;[];https://www.ikea.com/ru/ru/p/landskrona-landskruna-divan-2-mestnyy-grann-bumstad-belyy-metall-s09248902/
KLIPPAN КЛИППАН;https://www.ikea.com/ru/ru/images/products/klippan-2-mestnyy-divan-bumstad-chernyy__0813176_pe772310_s5.jpg?f=xxs;2-местный диван;[];https://www.ikea.com/ru/ru/p/klippan-klippan-2-mestnyy-divan-bumstad-chernyy-40468326/
KLIPPAN КЛИППАН;https://www.ikea.com/ru/ru/images/products/klippan-2-mestnyy-divan-glose-bumstad-belyy__0797923_pe767054_s5.jpg?f=xxs;2-местный диван;[];https://www.ikea.com/ru/ru/p/klippan-klippan-2-mestnyy-divan-glose-bumstad-belyy-20468327/
VIMLE ВИМЛЕ;https://www.ikea.com/ru/ru/images/products/vimle-2-mestnyy-divan-grann-bumstad-zolotisto-korichnevyy__0817323_pe773958_s5.jpg?f=xxs;2-местный диван;[];https://www.ikea.com/ru/ru/p/vimle-vimle-2-mestnyy-divan-grann-bumstad-zolotisto-korichnevyy-s49306301/
LANDSKRONA ЛАНДСКРУНА;https://www.ikea.com/ru/ru/images/products/landskrona-landskruna-divan-2-mestnyy-grann-bumstad-belyy-metall__0320972_pe514794_s5.jpg?f=xxs;Диван 2-местный;[];https://www.ikea.com/ru/ru/p/landskrona-landskruna-divan-2-mestnyy-grann-bumstad-belyy-metall-s09248902/
KLIPPAN КЛИППАН;https://www.ikea.com/ru/ru/images/products/klippan-2-mestnyy-divan-bumstad-chernyy__0813176_pe772310_s5.jpg?f=xxs;2-местный диван;[];https://www.ikea.com/ru/ru/p/klippan-klippan-2-mestnyy-divan-bumstad-chernyy-40468326/
KLIPPAN КЛИППАН;https://www.ikea.com/ru/ru/images/products/klippan-2-mestnyy-divan-glose-bumstad-belyy__0797923_pe767054_s5.jpg?f=xxs;2-местный диван;[];https://www.ikea.com/ru/ru/p/klippan-klippan-2-mestnyy-divan-glose-bumstad-belyy-20468327/
VIMLE ВИМЛЕ;https://www.ikea.com/ru/ru/images/products/vimle-2-mestnyy-divan-grann-bumstad-zolotisto-korichnevyy__0817323_pe773958_s5.jpg?f=xxs;2-местный диван;[];https://www.ikea.com/ru/ru/p/vimle-vimle-2-mestnyy-divan-grann-bumstad-zolotisto-korichnevyy-s49306301/
VIMLE ВИМЛЕ;https://www.ikea.com/ru/ru/images/products/vimle-3-mestnyy-divan-grann-bumstad-zolotisto-korichnevyy__0817365_pe773986_s5.jpg?f=xxs;3-местный диван;[];https://www.ikea.com/ru/ru/p/vimle-vimle-3-mestnyy-divan-grann-bumstad-zolotisto-korichnevyy-s09306652/
VIMLE ВИМЛЕ;https://www.ikea.com/ru/ru/images/products/vimle-3-mestnyy-divan-s-otkrytym-torcom-grann-bumstad-zolotisto-korichnevyy__0817384_pe773998_s5.jpg?f=xxs;3-местный диван;[];https://www.ikea.com/ru/ru/p/vimle-vimle-3-mestnyy-divan-s-otkrytym-torcom-grann-bumstad-zolotisto-korichnevyy-s89306672/
LIDHULT ЛИДГУЛЬТ;https://www.ikea.com/ru/ru/images/products/lidhult-lidgult-3-mestnyy-divan-grann-bumstad-zolotisto-korichnevyy__0619202_pe688983_s5.jpg?f=xxs;3-местный диван;[];https://www.ikea.com/ru/ru/p/lidhult-lidgult-3-mestnyy-divan-grann-bumstad-zolotisto-korichnevyy-s19257043/
LIDHULT ЛИДГУЛЬТ;https://www.ikea.com/ru/ru/images/products/lidhult-lidgult-2-mestnyy-divan-grann-bumstad-temno-korichnevyy__0619153_pe688953_s5.jpg?f=xxs;2-местный диван;[];https://www.ikea.com/ru/ru/p/lidhult-lidgult-2-mestnyy-divan-grann-bumstad-temno-korichnevyy-s99257020/
VIMLE ВИМЛЕ;https://www.ikea.com/ru/ru/images/products/vimle-3-mestnyy-divan-s-kozetkoy-grann-bumstad-zolotisto-korichnevyy__0817417_pe774005_s5.jpg?f=xxs;3-местный диван;[];https://www.ikea.com/ru/ru/p/vimle-vimle-3-mestnyy-divan-s-kozetkoy-grann-bumstad-zolotisto-korichnevyy-s49306693/
VIMLE ВИМЛЕ;https://www.ikea.com/ru/ru/images/products/vimle-3-mestnyy-divan-s-izgolovem-grann-bumstad-chernyy__0817212_pe773912_s5.jpg?f=xxs;3-местный диван;[];https://www.ikea.com/ru/ru/p/vimle-vimle-3-mestnyy-divan-s-izgolovem-grann-bumstad-chernyy-s29306255/
VIMLE ВИМЛЕ;https://www.ikea.com/ru/ru/images/products/vimle-4-mestnyy-divan-s-kozetkoy-grann-bumstad-chernyy__0817644_pe774072_s5.jpg?f=xxs;4-местный диван;[];https://www.ikea.com/ru/ru/p/vimle-vimle-4-mestnyy-divan-s-kozetkoy-grann-bumstad-chernyy-s49306711/
VIMLE ВИМЛЕ;https://www.ikea.com/ru/ru/images/products/vimle-4-mestnyy-uglovoy-divan-s-otkrytym-torcom-grann-bumstad-chernyy__0817656_pe774086_s5.jpg?f=xxs;4-местный угловой диван;[];https://www.ikea.com/ru/ru/p/vimle-vimle-4-mestnyy-uglovoy-divan-s-otkrytym-torcom-grann-bumstad-chernyy-s29306731/
LIDHULT ЛИДГУЛЬТ;https://www.ikea.com/ru/ru/images/products/lidhult-lidgult-4-mestnyy-divan-s-kozetkoy-grann-bumstad-zolotisto-korichnevyy__0620227_pe689538_s5.jpg?f=xxs;4-местный диван;[];https://www.ikea.com/ru/ru/p/lidhult-lidgult-4-mestnyy-divan-s-kozetkoy-grann-bumstad-zolotisto-korichnevyy-s59257357/
VIMLE ВИМЛЕ;https://www.ikea.com/ru/ru/images/products/vimle-3-mestnyy-divan-s-kozetkoy-s-izgolovem-grann-bumstad-chernyy__0817211_pe773911_s5.jpg?f=xxs;3-местный диван;[];https://www.ikea.com/ru/ru/p/vimle-vimle-3-mestnyy-divan-s-kozetkoy-s-izgolovem-grann-bumstad-chernyy-s49306264/
LIDHULT ЛИДГУЛЬТ;https://www.ikea.com/ru/ru/images/products/lidhult-lidgult-3-mestnyy-divan-s-kozetkoy-grann-bumstad-zolotisto-korichnevyy__0620126_pe689437_s5.jpg?f=xxs;3-местный диван;[];https://www.ikea.com/ru/ru/p/lidhult-lidgult-3-mestnyy-divan-s-kozetkoy-grann-bumstad-zolotisto-korichnevyy-s39257141/
VIMLE ВИМЛЕ;https://www.ikea.com/ru/ru/images/products/vimle-4-mestnyy-uglovoy-divan-grann-bumstad-zolotisto-korichnevyy__0817650_pe774074_s5.jpg?f=xxs;4-местный угловой диван;[];https://www.ikea.com/ru/ru/p/vimle-vimle-4-mestnyy-uglovoy-divan-grann-bumstad-zolotisto-korichnevyy-s29306726/
VIMLE ВИМЛЕ;https://www.ikea.com/ru/ru/images/products/vimle-6-mestnyy-p-obraznyy-divan-s-otkrytym-torcom-grann-bumstad-chernyy__0817703_pe774107_s5.jpg?f=xxs;6-местный п-образный диван;[];https://www.ikea.com/ru/ru/p/vimle-vimle-6-mestnyy-p-obraznyy-divan-s-otkrytym-torcom-grann-bumstad-chernyy-s49306787/
VIMLE ВИМЛЕ;https://www.ikea.com/ru/ru/images/products/vimle-3-mestnyy-uglovoy-divan-s-otkrytym-torcom-grann-bumstad-chernyy__0817687_pe774105_s5.jpg?f=xxs;3-местный угловой диван;[];https://www.ikea.com/ru/ru/p/vimle-vimle-3-mestnyy-uglovoy-divan-s-otkrytym-torcom-grann-bumstad-chernyy-s39306759/
LIDHULT ЛИДГУЛЬТ;https://www.ikea.com/ru/ru/images/products/lidhult-lidgult-4-mestnyy-uglovoy-divan-grann-bumstad-zolotisto-korichnevyy__0620080_pe689391_s5.jpg?f=xxs;4-местный угловой диван;[];https://www.ikea.com/ru/ru/p/lidhult-lidgult-4-mestnyy-uglovoy-divan-grann-bumstad-zolotisto-korichnevyy-s09275622/
LIDHULT ЛИДГУЛЬТ;https://www.ikea.com/ru/ru/images/products/lidhult-lidgult-5-mestnyy-uglovoy-divan-grann-bumstad-temno-korichnevyy__0619287_pe688997_s5.jpg?f=xxs;5-местный угловой диван;[];https://www.ikea.com/ru/ru/p/lidhult-lidgult-5-mestnyy-uglovoy-divan-grann-bumstad-temno-korichnevyy-s39257396/
VIMLE ВИМЛЕ;https://www.ikea.com/ru/ru/images/products/vimle-5-mestnyy-uglovoy-divan-s-kozetkoy-grann-bumstad-zolotisto-korichnevyy__0817694_pe776084_s5.jpg?f=xxs;5-местный угловой диван;[];https://www.ikea.com/ru/ru/p/vimle-vimle-5-mestnyy-uglovoy-divan-s-kozetkoy-grann-bumstad-zolotisto-korichnevyy-s89306771/
LIDHULT ЛИДГУЛЬТ;https://www.ikea.com/ru/ru/images/products/lidhult-lidgult-4-mestnyy-divan-s-kozetkoy-grann-bumstad-zolotisto-korichnevyy__0667797_pe714080_s5.jpg?f=xxs;4-местный диван;[];https://www.ikea.com/ru/ru/p/lidhult-lidgult-4-mestnyy-divan-s-kozetkoy-grann-bumstad-zolotisto-korichnevyy-s09292042/
VIMLE ВИМЛЕ;https://www.ikea.com/ru/ru/images/products/vimle-4-mestnyy-uglovoy-divan-s-otkrytym-torcom-s-podgolovnikami-grann-bumstad-zolotisto-korichnevyy__0817202_pe773902_s5.jpg?f=xxs;4-местный угловой диван;[];https://www.ikea.com/ru/ru/p/vimle-vimle-4-mestnyy-uglovoy-divan-s-otkrytym-torcom-s-podgolovnikami-grann-bumstad-zolotisto-korichnevyy-s79306286/
LIDHULT ЛИДГУЛЬТ;https://www.ikea.com/ru/ru/images/products/lidhult-lidgult-5-mestnyy-uglovoy-divan-s-otkrytym-torcom-grann-bumstad-temno-korichnevyy__0620301_pe689612_s5.jpg?f=xxs;5-местный угловой диван;[];https://www.ikea.com/ru/ru/p/lidhult-lidgult-5-mestnyy-uglovoy-divan-s-otkrytym-torcom-grann-bumstad-temno-korichnevyy-s99276028/
